scene_index,threshold,target_va,target_name
0,0x0000000c,0x00401930,render_scene_intro_logo_family
1,0x00000012,0x00402330,render_scene_kaar_family
2,0x00000016,0x00401fc0,render_scene_s_pair_family
3,0x00000019,0x00402d70,render_scene_surf_family
4,0x0000001b,0x00401fc0,render_scene_s_pair_family
5,0x0000001e,0x004027c0,render_scene_fla_particle_family
6,0x00000022,0x00402d70,render_scene_surf_family
7,0x00000023,0x00401930,render_scene_intro_logo_family
8,0x00000026,0x00402330,render_scene_kaar_family
9,0x00000029,0x00403320,render_scene_finale_family
